# dates,infections,hospitalizations,deaths,mean_r_t
2020-02-01,500.0,0.0,0.0,2.24
2020-02-02,500.0,0.0,0.0,2.239982570447855
2020-02-03,500.0,0.0,0.0,2.2399776200947237
2020-02-04,500.0,0.0,0.0,2.239971263769116
2020-02-05,500.0,0.0,0.0,2.2399631021739066
2020-02-06,500.0,0.0,0.0,2.2399526226240063
2020-02-07,500.0,0.0,0.0,2.239939166855939
2020-02-08,500.0,0.0,0.0,2.2399218897040143
2020-02-09,500.0,0.0,0.0,2.239899706055136
2020-02-10,1619.9288647612254,0.0,0.0,2.239857729522451
2020-02-11,1614.415230312713,0.0,0.0,2.2398194716144366
2020-02-12,1734.3135034851755,0.0,0.0,2.2397670517848702
2020-02-13,1978.9956217109966,0.0,0.0,2.239701319109434
2020-02-14,2487.2795851568394,10.0,0.0,2.239618067276264
2020-02-15,3285.89840542078,20.0,0.0,2.2395120196504816
2020-02-16,3943.522281642237,30.0,0.0,2.239376055713988
2020-02-17,4579.411526289426,40.0,0.009984695758723267,2.239201200713715
2020-02-18,5395.72402086377,50.0,0.02928844089225492,2.2389776730196447
2020-02-19,6442.717672087977,60.0,0.05737871829346304,2.238692390612239
2020-02-20,7796.333610734064,70.0,0.09382951427664213,2.238327878398576
2020-02-21,9313.8116895124,80.0,0.13830001789322774,2.23786174269818
2020-02-22,11013.455708539313,90.0,0.19717404422351723,2.2372652625383393
2020-02-23,13013.625966270376,122.0,0.26956782787651445,2.23650244597319
2020-02-24,15419.884280603757,154.0,0.35477435653942246,2.2355273565920295
2020-02-25,18315.907285131616,179.0,0.4522280203620038,2.2342810868085623
2020-02-26,21717.553240117853,208.0,0.6151506465971237,2.2326884224223926
2020-02-27,25677.841556199088,248.0,0.8637097416777695,2.2306536996290114
2020-02-28,30322.6007488775,304.0,1.197893043738453,2.2280558155089767
2020-02-29,35801.37997774165,373.0,1.592067657775027,2.22474172155148
2020-03-01,42265.11239813554,454.0,2.0244501688972023,2.2205184978079737
2020-03-02,49846.60307504236,552.0,2.461687279907385,2.2151442286368654
2020-03-03,58694.96480516397,671.0,3.013338946306619,2.208317677197626
2020-03-04,69001.07714542969,817.0,3.7130526512385487,2.19966711202621
2020-03-05,80981.63450997796,971.0,4.599828881459892,2.1887389311154126
2020-03-06,94854.61265260896,1159.0,5.708754446589223,2.1749876603373925
2020-03-07,110816.52868949018,1385.0,7.057230756302793,2.157770048511863
2020-03-08,129035.59188366054,1653.0,8.711404621963958,2.1363472361356615
2020-03-09,149642.3897652545,1970.0,10.74875308969722,2.1099005017879477
2020-03-10,172697.49454985873,2339.0,13.25365892026677,2.077567400616067
2020-03-11,198144.7069339424,2773.0,16.31502344831542,2.0385054901836015
2020-03-12,225763.70806397955,3288.0,19.97597728907449,1.9919888603819478
2020-03-13,255137.35188027477,3896.0,24.379085836048866,1.9375366673894137
2020-03-14,285640.0544395222,4613.0,29.691528739251837,1.8750619205052041
2020-03-15,316451.09719919186,5454.0,36.10209610302426,1.8050140673547042
2020-03-16,346603.26149357605,6441.0,43.8171309347732,1.7284754056453768
2020-03-17,375072.2636072956,7601.0,53.06637557324726,1.647167518657419
2020-03-18,400896.73195650126,8960.0,64.14468202288693,1.5633380725510433
2020-03-19,423299.9927379134,10549.0,77.41355177078862,1.479531496785159
2020-03-20,441778.3104243073,12399.0,93.29312693847903,1.3982879154321104
2020-03-21,456132.58323853917,14545.0,112.26630974547925,1.3218430142659212
2020-03-22,466442.30571715196,17025.0,134.8832537232252,1.2519012099371687
2020-03-23,472999.6003347453,19872.0,161.78524269082286,1.189525687797955
2020-03-24,476228.72361760394,23119.0,193.71321889441452,1.135147911948234
2020-03-25,476612.33719633357,26789.0,231.50239672849403,1.0886662659930608
2020-03-26,474635.96482636326,30895.0,276.07251484696053,1.0495897533618368
2020-03-27,470752.5980637203,35434.0,328.41066252664405,1.0171869059470633
2020-03-28,465363.9448567715,40383.0,389.55632052885744,0.9906137801504633
2020-03-29,458813.3769822628,45695.0,460.56516237931146,0.9690096321471288
2020-03-30,451386.3271068206,51300.0,542.4506316494756,0.9515597144903178
2020-03-31,443315.0382166963,57101.0,636.1060831916245,0.9375305260761105
2020-04-01,434785.4479685232,62986.0,742.2173042408184,0.9262848023283639
2020-04-02,425944.6365302855,68829.0,861.1657781299514,0.9172831490843597
2020-04-03,416907.8576328211,74498.0,988.0689848761021,0.9100778292502261
2020-04-04,407764.69905617856,79864.0,1122.4039583676201,0.9043026302784481
2020-04-05,398584.2824194812,84809.0,1263.1660851849442,0.8996613691150765
2020-04-06,389419.5739485445,89230.0,1408.9192866733501,0.8959165543229777
2020-04-07,380310.9051112951,93050.0,1557.8775024733202,0.8928790101452238
2020-04-08,371288.79379598604,96214.0,1708.0151601971488,0.8903988098868505
2020-04-09,362376.1619542898,98697.0,1857.186612242906,0.8883575940341659
2020-04-10,353590.0587388338,100502.0,2003.242814448855,0.8866622005478667
2020-04-11,344942.9976304101,101661.0,2144.1382287749334,0.8852394647524601
2020-04-12,336443.99698115414,102222.0,2278.0119832700643,0.8840320224306927
2020-04-13,328099.38861414505,102253.0,2403.159769237337,0.8829949514443265
2020-04-14,319913.4413995675,101826.0,2518.1830452381096,0.8820931016329487
2020-04-15,311888.8382958201,101016.0,2622.017670746998,0.8812989823173834
2020-04-16,304027.0407162831,99894.0,2713.9459147735597,0.8805910972165985
2020-04-17,296328.5682952765,98525.0,2793.5914831340815,0.8799526357934311
2020-04-18,288793.2148851452,96965.0,2860.900740498296,0.8793704470105671
2020-04-19,281420.2152889717,95260.0,2916.109004264036,0.8788342359266353
2020-04-20,274208.3733544516,93451.0,2959.6927123143,0.8783359355732184
2020-04-21,267156.16011554433,91570.0,2992.3118243685344,0.8778692163714029
2020-04-22,260261.78928831048,89641.0,3014.7475352257898,0.8774291032736294
2020-04-23,253523.2758431251,87685.0,3027.842845135541,0.8770116771591477
2020-04-24,246938.48174565693,85718.0,3032.4511687329154,0.8766138420523931
2020-04-25,240505.15172870498,83751.0,3029.3958526528677,0.8762331437208779
2020-04-26,234201.2695656449,81794.0,3019.441682051947,0.8757940402811801
2020-04-27,228068.8788631419,79854.0,3003.2777117036203,0.8754598252980602
2020-04-28,222078.7594716131,77937.0,2981.5102981083805,0.875134564826132
2020-04-29,216228.93498743104,76046.0,2954.664520995827,0.8748181326800383
2020-04-30,210516.4048601447,74184.0,2923.191721928295,0.8745104789345801
2020-05-01,204939.12959050114,72353.0,2887.481028594479,0.8742116046061709
2020-05-02,199498.30017904457,70556.0,2847.872936338298,0.8739215801140975
2020-05-03,194190.62867814853,68793.0,2804.8967528656235,0.8736405669115711
2020-05-04,189012.3287159749,67064.0,2758.874459691108,0.8733688439541619
2020-05-05,183960.97249773695,65370.0,2710.117327693172,0.8731068557330134
2020-05-06,179033.67043357523,63712.0,2658.9328191127956,0.8728552693165585
2020-05-07,174228.93564405595,62089.0,2605.628457044385,0.8726150484155593
2020-05-08,169544.79045084727,60501.0,2550.5129655276796,0.8723875564100197
2020-05-09,164979.0112167507,58947.0,2493.895287341147,0.8721746923195237
2020-05-10,160534.02570705267,57428.0,2436.082136263622,0.871979077207525
2020-05-11,156204.44398501643,55943.0,2377.374663778619,0.8718043043895638
2020-05-12,151988.05491556114,54491.0,2318.0641446445707,0.8716552687195231
2020-05-13,147884.01738479128,53073.0,2258.428953446749,0.8715386281552483
2020-05-14,143891.99851704235,51688.0,2198.7307965423734,0.8714634028087944
2020-05-15,140012.20312856365,50335.0,2139.211342794439,0.871441779043605
2020-05-16,136244.73664605938,49013.0,2080.0899057675997,0.8714901812305914
2020-05-17,132590.494823545,47723.0,2021.5610140317508,0.8716306906851395
2020-05-18,129051.73669482557,46464.0,1963.7919575639398,0.8718929118660997
2020-05-19,125632.17114762892,45234.0,1906.9234606090668,0.8723163999932273
2020-05-20,122337.40448478433,44035.0,1851.0703898910879,0.8729537766866379
2020-05-21,119175.16835521495,42864.0,1796.3233968079944,0.8738746511263761
2020-05-22,116155.9227360106,41722.0,1742.7516391449476,0.8751704127728903
2020-05-23,113293.59906176136,40608.0,1690.4041044890732,0.8769598344508016
2020-05-24,110606.32228183502,39522.0,1639.313441375738,0.879395160192183
2020-05-25,108117.09554192505,38463.0,1589.4987928391274,0.8826678730217868
2020-05-26,105854.27708869035,37431.0,1540.9685221252146,0.8870125521552344
2020-05-27,103851.68432355994,36425.0,1493.723490144052,0.8927060857931288
2020-05-28,102147.9999699119,35445.0,1447.7562809880508,0.9000581136489003
2020-05-29,100785.03812878959,34490.0,1403.0545532162014,0.9093874168981873
2020-05-30,99804.51569417832,33562.0,1359.6022482138883,0.9209791757886966
2020-05-31,99243.26082795647,32658.0,1317.3805960389902,0.9350213781522224
2020-06-01,99127.43189428364,31780.0,1276.3691359432037,0.9515268957734521
2020-06-02,99467.15753192671,30927.0,1236.546248123854,0.9702603290964101
2020-06-03,100253.59152649206,30100.0,1197.889847986079,0.9907001355929664
2020-06-04,101460.03848985577,29299.0,1160.378027143711,1.0120663675233892
2020-06-05,103047.22696024932,28525.0,1123.9894873429603,1.033424313591936
2020-06-06,104970.7396269592,27779.0,1088.7042791764786,1.0538398511352158
2020-06-07,107187.6039770026,27064.0,1054.504351965341,1.0725346541679341
2020-06-08,109660.00362370882,26381.0,1021.3742074395807,1.0889894656975563
2020-06-09,112356.14731104636,25733.0,989.3016633163762,1.1029713888309938
2020-06-10,115249.74186987773,25124.0,958.2785160693998,1.1144956363898906
2020-06-11,118319.38886601376,24559.0,928.3018281731241,1.123752142678822
2020-06-12,121548.24888171109,24042.0,899.3750915326923,1.1310275550682545
2020-06-13,124923.65698602307,23580.0,871.5094460265137,1.136641663538098
2020-06-14,128436.44567095728,23179.0,844.7248858354583,1.1409047340563192
2020-06-15,132080.11217581455,22845.0,819.0512656143484,1.14409399005301
2020-06-16,135850.12285653423,22585.0,794.5289721279506,1.1464441400851957
2020-06-17,139743.48492153757,22402.0,769.1992833543626,1.1481466601415111
2020-06-18,143758.49452804084,22300.0,743.6553129082117,1.1493537028825858
2020-06-19,147894.51376825862,22283.0,718.3704463444836,1.1501839017916058
2020-06-20,152151.723716314,22349.0,693.7196280857598,1.150728482815188
2020-06-21,156530.89766334096,22500.0,669.9952453367375,1.1510568821615004
2020-06-22,161033.2459360214,22731.0,647.419296748732,1.1512215479584083
2020-06-23,165660.3304760011,23040.0,626.1530543639881,1.1512618662751992
2020-06-24,170414.00906140008,23421.0,606.3053889897432,1.1512072793700308
2020-06-25,175279.26771785866,23870.0,587.9403211019539,1.150967355544728
2020-06-26,180235.80685857194,24379.0,571.0839920401785,1.1504237070230265
2020-06-27,185314.77351211413,24943.0,555.6908154131994,1.1497938086693849
2020-06-28,190508.84298490005,25555.0,541.7025597318881,1.149051247620445
2020-06-29,195807.38818745426,26211.0,529.0505536691941,1.1481609260781205
2020-06-30,201193.87269047188,26907.0,517.6580301585306,1.1470765482372387
2020-07-01,206649.7347799633,27638.0,507.44250801893656,1.1457374681394468
2020-07-02,212156.74565816863,28403.0,498.31816198116337,1.1440650114620692
2020-07-03,217686.1314834911,29199.0,490.19811027811545,1.1419584752510623
2020-07-04,223195.8499818507,30024.0,482.9965818233113,1.139291341427142
2020-07-05,228630.03297888895,30879.0,476.6308818240835,1.1359087802786094
2020-07-06,233917.13789050365,31761.0,471.022991967312,1.1316282330872782
2020-07-07,238971.24583499425,32671.0,466.1006789317903,1.1262457899124165
2020-07-08,243691.52624193075,33607.0,461.79804035876134,1.119551842357083
2020-07-09,247965.85512238406,34571.0,458.05554109425907,1.11135934064657
2020-07-10,251679.8952971385,35560.0,454.81968550225474,1.101545765288636
2020-07-11,254731.1526422097,36575.0,452.0422276636716,1.0901044756853042
2020-07-12,257045.95814442224,37616.0,449.6790640071734,1.0771928044899388
2020-07-13,258593.79714468436,38682.0,448.1158119536239,1.0631567704342086
2020-07-14,259393.56630706694,39772.0,448.65967613425795,1.0485124612388355
2020-07-15,259508.44133110557,40885.0,450.97863307853027,1.0338774001158124
2020-07-16,259030.6957142676,42018.0,454.8028556358541,1.0198679579392393
2020-07-17,258062.90312467885,43168.0,460.0035304766801,1.0069970571751976
2020-07-18,256702.72086690096,44333.0,466.38743582238544,0.995606284212414
2020-07-19,255035.00675545298,45505.0,473.79224487157194,0.9858481687345949
2020-07-20,253130.2462636849,46680.0,482.0794344327355,0.9777116473278589
2020-07-21,251045.8777912228,47848.0,491.1285050543707,0.9710706077187734
2020-07-22,248827.9457782798,48997.0,500.8318512495252,0.9657353856092107
2020-07-23,246512.43583711705,50114.0,511.0979610185277,0.9614946736846717
2020-07-24,244126.69738148848,51185.0,521.8650601035923,0.9581436127971432
2020-07-25,241691.19415393166,52193.0,533.0626953853731,0.9554992488595707
2020-07-26,239221.2910480882,53122.0,544.6102088205622,0.9534067336313939
2020-07-27,236728.66583924007,53956.0,556.415609433479,0.9517397633705834
2020-07-28,234222.22210233755,54682.0,568.3738682669291,0.9503979769750062
2020-07-29,231708.67595720038,55290.0,580.3676996532441,0.9493031132341144
2020-07-30,229193.03498046394,55773.0,592.2700896114538,0.9483949718541432
2020-07-31,226679.14251326333,56128.0,603.9485666611447,0.947628103030491
2020-08-01,224169.7662056468,56354.0,615.2706196894651,0.9469674451008221
2020-08-02,221667.14848369142,56458.0,626.1093395362502,0.9463869306866157
2020-08-03,219173.05543807233,56445.0,636.3486858759097,0.9458670335748562
2020-08-04,216688.8803542592,56327.0,645.8877152873301,0.9453931688534201
2020-08-05,214215.72650794277,56116.0,654.6434383120247,0.9449544647696372
2020-08-06,211754.47073730687,55827.0,662.5523751589539,0.9445428290622838
2020-08-07,209305.84494375766,55473.0,669.5709818014852,0.9441522441474216
2020-08-08,206870.47801552416,55067.0,675.6752831599839,0.9437782377803083
2020-08-09,204653.54470157644,54621.0,680.8599168040505,0.9443617993622719
2020-08-10,202446.26787719375,54144.0,685.1366976196323,0.9449563881690194
2020-08-11,200258.72446163837,53645.0,688.5327457125849,0.9455599676299518
2020-08-12,198100.82802834432,53128.0,691.068651841587,0.9461712996189616
2020-08-13,195992.43161008228,52599.0,692.730226536666,0.9467895871364977
2020-08-14,193953.88679731626,52061.0,693.5761646851263,0.9474142959406353
2020-08-15,191968.55441997232,51518.0,693.6685827461001,0.948044703443417
2020-08-16,190023.88136643806,50971.0,693.0698760804611,0.9486802903736072
2020-08-17,188119.4417114108,50422.0,691.8401842373654,0.9493208314612914
2020-08-18,186255.54363740038,49873.0,690.0356420655789,0.9499662402168433
2020-08-19,184438.872161338,49324.0,687.7074433557462,0.9506165504429368
2020-08-20,182668.55968231155,48775.0,684.9015547037773,0.9512717232599759
2020-08-21,180941.0718163322,48228.0,681.6588988056399,0.9519317557298793
2020-08-22,179254.02022626082,47687.0,678.0158770177338,0.9525967663258231
2020-08-23,177606.54769942947,47152.0,674.0050506363154,0.9532669834278215
2020-08-24,175999.4859557814,46624.0,669.6559064109284,0.9539427217124594
2020-08-25,174433.04932891086,46102.0,665.2045558854104,0.9546243214336507
2020-08-26,172906.34357226177,45589.0,660.6353566774288,0.9553121736378639
2020-08-27,171418.31634072718,45084.0,655.9423549289223,0.9560067791657423
2020-08-28,169968.18662872142,44590.0,651.1277570846248,0.9567087691742818
2020-08-29,168555.71983119927,44106.0,646.1983851375198,0.9574189062790361
2020-08-30,167180.83058100723,43633.0,641.163005069525,0.9581380692215997
2020-08-31,165843.27146199183,43172.0,636.0347548599963,0.9588672654594343
2020-09-01,164542.69294814876,42724.0,630.8300789679397,0.9596076655829238
2020-09-02,163278.7939445238,42284.0,625.5675415504104,0.9603606254240279
2020-09-03,162051.44750497708,41854.0,620.2664531929428,0.9611276880137982
2020-09-04,160860.6761843536,41434.0,614.9477200530702,0.9619105665173787
2020-09-05,159706.56098156053,41024.0,609.6315509406062,0.9627111211510506
2020-09-06,158589.20831132497,40624.0,604.3373366969536,0.9635313282260964
2020-09-07,157508.76393465223,40234.0,599.0833794554138,0.9643732222244992
2020-09-08,156465.4387899173,39852.0,593.8864168871444,0.9652387986815256
2020-09-09,155459.5026906248,39480.0,588.7560951244591,0.9661298770307878
2020-09-10,154491.24453850093,39117.0,583.7014422604934,0.9670479353271296
2020-09-11,153560.92873485145,38763.0,578.7307050369004,0.9679939343521028
2020-09-12,152668.76282562735,38418.0,573.8511011518522,0.9689681519608918
2020-09-13,151814.877423788,38082.0,569.0683707707074,0.9699700573406486
2020-09-14,150999.31206160595,37754.0,564.3862972634408,0.9709982595941872
2020-09-15,150222.0047215286,37434.0,559.8074655153232,0.9720505566831882
2020-09-16,149482.7897023567,37123.0,555.3338615606239,0.9731240868421351
2020-09-17,148781.4063186767,36820.0,550.967057700286,0.974215554908409
2020-09-18,148117.51578517837,36526.0,546.7083173597938,0.9753214864898633
2020-09-19,147490.72043406146,36239.0,542.5583799237436,0.9764384615661567
2020-09-20,146900.58052963563,35961.0,538.5175992005534,0.9775632937771195
2020-09-21,146346.6276329581,35691.0,534.5861407131267,0.9786931428298478
2020-09-22,145828.37563630976,35429.0,530.764113227084,0.9798255653251806
2020-09-23,145345.33052022645,35175.0,527.0516221680735,0.9809585189774889
2020-09-24,144896.99884750688,34930.0,523.4391968576485,0.9820903369603433
2020-09-25,144482.89445570987,34692.0,519.9273448436002,0.9832196862623164
2020-09-26,144102.54320060805,34463.0,516.5164577240963,0.9843455198515039
2020-09-27,143755.48619206325,34242.0,513.2068493743208,0.9854670289184791
2020-09-28,143441.2821402698,34029.0,509.9988802501989,0.9865835988863647
2020-09-29,143159.50918375765,33825.0,506.8930362408538,0.9876947710213219
2020-09-30,142909.7662550919,33629.0,503.88978036898425,0.988800210155537
2020-10-01,142691.6739484687,33441.0,500.989547482983,0.9898996782059647
2020-10-02,142504.87494734128,33261.0,498.1927512895777,0.9909930127846219
2020-10-03,142349.0341645929,33090.0,495.4998037118186,0.9920801101149931
2020-10-04,142223.8387381504,32927.0,492.91122744935376,0.9931609115247017
2020-10-05,142128.997944236,32773.0,490.4274995984491,0.9942353928636554
2020-10-06,142064.24302894733,32626.0,488.0490287818404,0.995303556269573
2020-10-07,142029.32695460613,32488.0,485.7761438376149,0.9963654237806049
2020-10-08,142024.0240828501,32357.0,483.6090956342283,0.9974210323844105
2020-10-09,142048.1298305477,32235.0,481.54829466413327,0.9984704301829115
2020-10-10,142101.46032414073,32120.0,479.5940443719953,0.9995136734261442
2020-10-11,142183.85205894316,32014.0,477.7465364629537,1.0005508242221737
2020-10-12,142295.1615604698,31915.0,476.00585746280404,1.0015819487688364
2020-10-13,142435.265047652,31823.0,474.3720123282059,1.0026071159849614
2020-10-14,142604.05810378626,31739.0,472.84495595272546,1.003626396446933
2020-10-15,142801.45536226305,31662.0,471.42457887598687,1.0046398615598717
2020-10-16,143027.39021048837,31592.0,470.11069819578034,1.0056475829101112
2020-10-17,143281.8145115599,31530.0,468.90306522755657,1.0066496317577307
2020-10-18,143564.69834230447,31474.0,467.8013762990903,1.007646078636745
2020-10-19,143876.02974755576,31426.0,466.8052925934522,1.0086369930378083
2020-10-20,144215.814511706,31385.0,465.9144502084014,1.0096224431544072
2020-10-21,144584.07594838727,31350.0,465.1284654764845,1.0106024956783193
2020-10-22,144980.85470818527,31322.0,464.4469405218096,1.0115772156335523
2020-10-23,145406.20860363886,31301.0,463.86946980235655,1.0125466662403562
2020-10-24,145860.20999758606,31286.0,463.39564801911416,1.0135108917551339
2020-10-25,146342.9536437195,31279.0,463.0250763905548,1.0144699729180384
2020-10-26,146854.54758843526,31277.0,462.75736658319704,1.0154239652360437
2020-10-27,147395.11659660714,31282.0,462.5921436293076,1.0163729224991576
2020-10-28,147964.80178876763,31294.0,462.5290486344686,1.0173168958603582
2020-10-29,148563.7608259414,31312.0,462.5677418608453,1.0182559346329965
2020-10-30,149192.16871732418,31336.0,462.7079058181606,1.0191900890731154
2020-10-31,149850.2165477076,31367.0,462.9492480170237,1.0201194064481265
2020-11-01,150538.11133010598,31404.0,463.291503498721,1.0210439305575696
2020-11-02,151256.07636438662,31447.0,463.73443737199085,1.0219637028776316
2020-11-03,152004.35114213754,31497.0,464.27784753917297,1.0228787621185815
2020-11-04,152783.1917624744,31553.0,464.92156756706015,1.0237891454135615
2020-11-05,153592.87071255967,31615.0,465.6654695438309,1.0246948878528663
2020-11-06,154433.676770007,31684.0,466.50946683391805,1.0255960222294223
2020-11-07,155305.915685263,31758.0,467.453516716415,1.0264925830921074
2020-11-08,156209.90923318558,31839.0,468.49762292354933,1.0273845998422246
2020-11-09,157145.99580312413,31927.0,469.6418380300709,1.0282720994798855
2020-11-10,158114.53066718936,32020.0,470.8862657253074,1.029155107773511
2020-11-11,159115.88614386643,32120.0,472.2310628603844,1.030033649674401
2020-11-12,160150.45179982547,32227.0,473.6764412471118,1.0309077497596604
2020-11-13,161218.63448022102,32339.0,475.2226692383615,1.0317774321133948
2020-11-14,162320.8586123167,32458.0,476.8700730495789,1.0326427209958662
2020-11-15,163457.56665714132,32584.0,478.61903778464455,1.0335036420260393
2020-11-16,164629.21956192504,32716.0,480.4700083181152,1.0343602234488558
2020-11-17,165836.29732312777,32854.0,482.4234899962279,1.035212497809082
2020-11-18,167079.29959533594,32999.0,484.4800491956803,1.0360605038394561
2020-11-19,168358.746488912,33151.0,486.6403137928424,1.0369042888994522
2020-11-20,169675.17960036278,33309.0,488.9049734551209,1.0377439120944933
2020-11-21,171029.1632681763,33474.0,491.27477995177026,1.0385794480622639
2020-11-22,172421.2860754665,33646.0,493.7505474417215,1.0394109913980194
2020-11-23,173852.16259309705,33824.0,496.3331527636341,1.040238661537787
2020-11-24,175322.43536040053,34010.0,499.0235357979383,1.0410626077684206
2020-11-25,176832.77704631028,34202.0,501.82269965031526,1.0418830137381323
2020-11-26,178383.89263754693,34401.0,504.731710988895,1.0427001004370797
2020-11-27,179976.52142252077,34607.0,507.7517004148235,1.0435141262881242
2020-11-28,181611.438486458,34821.0,510.88386287639196,1.0443253829130694
2020-11-29,183289.45547179884,35042.0,514.1294581416694,1.045134185643665
2020-11-30,185011.420516924,35270.0,517.4898112919697,1.045940859113392
2020-12-01,186778.21754397938,35505.0,520.9663132875194,1.0467457200746209
2020-12-02,188590.76531210053,35748.0,524.5604216163082,1.047549061108177
2020-12-03,190450.0167067342,35999.0,528.2736610161688,1.048351138998034
2020-12-04,192356.95852172168,36257.0,532.1076243075358,1.049152169772121
2020-12-05,194312.61165273597,36523.0,536.0639733258216,1.0499523297029882
2020-12-06,196318.03143179583,36797.0,540.1444399803917,1.0507517596965872
2020-12-07,198374.30792659367,37079.0,544.3508274682557,1.0515505705057213
2020-12-08,200482.56625683518,37369.0,548.685011653634,1.0523488475003904
2020-12-09,202643.96709029505,37668.0,553.1489426889024,1.0531466549215367
2020-12-10,204859.70739065725,37975.0,557.7446468946711,1.0539440398587159
2020-12-11,207131.02133513763,38290.0,562.4742289375589,1.0547410359042173
2020-12-12,209459.18127198267,38615.0,567.339874345999,1.0555376662118665
2020-12-13,211845.49866742542,38948.0,572.3438523932065,1.0563339458119925
2020-12-14,214291.32508796974,39290.0,577.4885193693755,1.0571298833020446
2020-12-15,216798.05328037206,39641.0,582.7763222270191,1.057925482153696
2020-12-16,219367.11835747177,40001.0,588.2098025358656,1.05872074179565
2020-12-17,221999.99904842486,40372.0,593.7916006598913,1.0595156584966723
2020-12-18,224698.2189747832,40751.0,599.5244600435096,1.060310226024759
2020-12-19,227463.34795103554,41141.0,605.4112314966425,1.0611044360990303
2020-12-20,230297.0033335821,41541.0,611.4548773954662,1.061898278698836
2020-12-21,233200.85143538454,41951.0,617.658475737054,1.062691742293511
2020-12-22,236176.60900196573,42372.0,624.0252240289572,1.0634848140195383
2020-12-23,239226.0411557828,42803.0,630.5584430112949,1.0642774638831607
2020-12-24,242350.96155707937,43245.0,637.2615802122283,1.0650696396348822
2020-12-25,245553.24450751516,43699.0,644.1382133519022,1.0658613145274434
2020-12-26,248834.81815103965,44164.0,651.1920535903523,1.0666524514554248
2020-12-27,252197.6649248136,44641.0,658.4269486459463,1.067442999688659
2020-12-28,255643.8209866167,45130.0,665.8468858193622,1.0682328891528678
2020-12-29,259175.37727962865,45631.0,673.4559949664445,1.0690220283074607
2020-12-30,262794.4816884184,46145.0,681.2585514705099,1.0698103042219513
2020-12-31,266503.33669755905,46671.0,689.2589792674365,1.070597572427329
2021-01-01,270304.19584252144,47211.0,697.4618539854323,1.0713836441234272
2021-01-02,274199.3597595343,47764.0,705.8719062616149,1.07216827276796
2021-01-03,278191.1711692743,48331.0,714.4940252804366,1.0729511388257034
2021-01-04,282282.0096029604,48911.0,723.3332625562803,1.0737318356340095
2021-01-05,286474.28408664523,49507.0,732.3948359610969,1.0745098546614802
2021-01-06,290770.42487771536,50117.0,741.6841339913542,1.0752845740870958
2021-01-07,295172.8759154639,50742.0,751.2067202732504,1.0760552559107226
2021-01-08,299684.08957543294,51383.0,760.9683382496651,1.0768210563956306
2021-01-09,304306.5251115551,52039.0,770.9749159799869,1.0775810527412284
2021-01-10,309042.6506568815,52712.0,781.232571155976,1.0783342836022125
2021-01-11,313894.94766653475,53402.0,791.7476162791789,1.079079795879907
2021-01-12,318865.9159966293,54109.0,802.526563993874,1.0798166869699417
2021-01-13,323958.07781347935,54833.0,813.5761326167914,1.0805441328219318
2021-01-14,329173.979676291,55575.0,824.9032516870209,1.081261398224043
2021-01-15,334516.1932849255,56335.0,836.5150673438438,1.0819678325853361
2021-01-16,339987.3158362293,57114.0,848.4189476322122,1.0826628581223627
2021-01-17,345589.9704384006,57913.0,860.6224876523681,1.083345956444182
2021-01-18,351326.80625990586,58732.0,873.1335144782771,1.0840166563086575
2021-01-19,357200.4979031684,59570.0,885.9600916045652,1.0846745228754169
2021-01-20,363213.74388784077,60430.0,899.1105224687518,1.0853191481619406
2021-01-21,369369.2645720186,61311.0,912.5933529928028,1.085950142798869
2021-01-22,375669.79988710803,62213.0,926.4173729260168,1.0865671294147277
2021-01-23,382118.1069624703,63138.0,940.5916159068686,1.087169737701117
2021-01-24,388716.9574596522,64086.0,955.1253580894465,1.0877576008104255
2021-01-25,395469.13444221154,65057.0,970.0281148920246,1.0883303526141064
2021-01-26,402377.4287810191,66052.0,985.3096363960971,1.0888876255127078
2021-01-27,409444.6352138384,67072.0,1000.9799018119401,1.0894290486985634
2021-01-28,416673.54817628546,68117.0,1017.0491135402328,1.0899542469401462
2021-01-29,424066.9572360483,69187.0,1033.527691267274,1.0904628394482234
2021-01-30,431627.64226078975,70283.0,1050.4262663460345,1.0909544392771668
2021-01-31,439358.3681215826,71406.0,1067.7556767258466,1.0914286527757335
2021-02-01,447261.87897828646,72557.0,1085.5269625745452,1.0918850791418495
2021-02-02,455340.89216355776,73735.0,1103.751362639538,1.092323310062874
2021-02-03,463598.0916536219,74941.0,1122.4403113660917,1.0927429294239914
2021-02-04,472036.121124358,76177.0,1141.605436732821,1.0931435131038463
2021-02-05,480657.5765429614,77442.0,1161.2585587801939,1.093524628819952
2021-02-06,489465.0889539951,78737.0,1181.4116887758746,1.0938860386788243
2021-02-07,498461.1380011434,80063.0,1202.0770289091583,1.094227290162574
2021-02-08,507648.13984404947,81420.0,1223.2669723569327,1.094547931701687
2021-02-09,517028.43838260375,82809.0,1244.9941034951992,1.094847512760432
2021-02-10,526604.3062035262,84231.0,1267.2711979869357,1.09512559382236
2021-02-11,536377.9367244679,85686.0,1290.1112224438646,1.0953817470667075
2021-02-12,546351.3989315113,87174.0,1313.5273333725459,1.0956155195319752
2021-02-13,556526.6312467408,88697.0,1337.5328752020666,1.0958264370828217
2021-02-14,566905.442688632,90255.0,1362.1413772886542,1.0960140165809256
2021-02-15,577489.502139002,91849.0,1387.3665498497119,1.0961777667315173
2021-02-16,588280.3308503589,93478.0,1413.2222788027605,1.0963171946226244
2021-02-17,599279.2779426427,95145.0,1439.7226194686466,1.0964317982865797
2021-02-18,610487.5028669058,96848.0,1466.8817890989733,1.0965210641342649
2021-02-19,621905.9631103242,98590.0,1494.7141582119302,1.0965844682717103
2021-02-20,633535.4013816965,100370.0,1523.2342407194863,1.0966214782544992
2021-02-21,645376.3317540501,102190.0,1552.456682837523,1.0966315550444965
2021-02-22,657429.0208526119,104049.0,1582.3962523115679,1.0966141526598359
2021-02-23,669693.4680561078,105949.0,1613.0678261082412,1.0965687173435148
2021-02-24,682169.3873686674,107889.0,1644.486376744481,1.0964946877302642
2021-02-25,694856.1896426599,109871.0,1676.6669573543363,1.0963914954930858
2021-02-26,707752.9645184607,111895.0,1709.6246841759714,1.096258566314365
2021-02-27,720858.460634269,113961.0,1743.3747169273393,1.0960953204930122
2021-02-28,734171.0646289501,116070.0,1777.9322398261481,1.0959011732718007
2021-03-01,747688.7800434463,118222.0,1813.3124407604378,1.0956755352687786
2021-03-02,761409.2063176727,120419.0,1849.5304882875494,1.095417813111026
2021-03-03,775329.5177177123,122659.0,1886.6015059952897,1.095127410248554
2021-03-04,789446.4417548326,124944.0,1924.5405431174963,1.0948037277946097
2021-03-05,803756.2370416693,127274.0,1963.3625455533247,1.094446165323991
2021-03-06,818254.6709397343,129650.0,2003.0823248083834,1.094054121690972
2021-03-07,832936.997263704,132071.0,2043.714524406858,1.0936269959180929
2021-03-08,847797.9341442818,134538.0,2085.273583336487,1.0931641881704586
2021-03-09,862831.6420048508,137051.0,2127.773693255348,1.0926651007835346
2021-03-10,878031.7016507479,139610.0,2171.2287573764283,1.0921291393102288
2021-03-11,893391.0926152947,142215.0,2215.652346675689,1.0915557135839902
2021-03-12,908902.1719577552,144866.0,2261.057653018452,1.0909442388106005
2021-03-13,924556.6536840862,147564.0,2307.4574386657664,1.0902941367024397
2021-03-14,940345.5889140585,150308.0,2354.863981982869,1.0896048366621391
2021-03-15,956259.3469123209,153098.0,2403.289021014769,1.0888757770199589
2021-03-16,972287.597143536,155934.0,2452.743694661468,1.0881064063341135
2021-03-17,988419.2925488092,158816.0,2503.238480771578,1.0872961847659772
2021-03-18,1004642.6542509394,161742.0,2554.7831309645344,1.0864445855392273
2021-03-19,1020945.1578874257,164713.0,2607.3866018362105,1.0855510964855015
2021-03-20,1037313.5217649554,167729.0,2661.056983135937,1.0846152216737024
2021-03-21,1053733.697039407,170788.0,2715.8014230761773,1.0836364831185183
2021-03-22,1070190.8601415055,173889.0,2771.626050645241,1.0826144225645296
2021-03-23,1086669.4076783545,177033.0,2828.5358947867494,1.0815486033429478
2021-03-24,1103152.9540422177,180217.0,2886.5348002855026,1.0804386122975906
2021-03-25,1119624.3319550604,183441.0,2945.6253406070146,1.0792840617755621
2021-03-26,1136065.5961764497,186704.0,3005.808727892505,1.0780845916773854
2021-03-27,1152458.0306033795,190005.0,3067.0847202090713,1.0768398715612428
2021-03-28,1168782.1589898546,193341.0,3129.451526189776,1.0755496027960552
2021-03-29,1185017.7595089516,196711.0,3192.9057071338757,1.0742135207579313
2021-03-30,1201143.8833707226,200115.0,3257.442076625598,1.072831397063949
2021-03-31,1217138.877697475,203549.0,3323.0535980175473,1.0714030418365212
2021-04-01,1232980.4128444619,207012.0,3389.731280053471,1.069928305991006
2021-04-02,1248645.5143382282,210501.0,3457.4640709179803,1.068407083538689
2021-04-03,1264110.5995856477,214015.0,3526.2387510535086,1.0668393138967587
2021-04-04,1279351.51948358,217551.0,3596.0398249001328,1.0652249841962655
2021-04-05,1294343.6050323774,221107.0,3666.84941204584,1.0635641315783626
2021-04-06,1309061.7190266252,224679.0,3738.647138243007,1.0618568454684578
2021-04-07,1323480.3128635727,228264.0,3811.4100267823487,1.06010326981725
2021-04-08,1337573.4884735881,231860.0,3885.1123908831096,1.0583036052970345
2021-04-09,1351315.0653374474,235464.0,3959.72572731581,1.0564581114410843
2021-04-10,1364678.6525125632,239071.0,4035.21861202777,1.0545671087133321
2021-04-11,1377637.725544739,242679.0,4111.55659844114,1.0526309804950844
2021-04-12,1390165.708094013,246283.0,4188.702119146024,1.0506501749750041
2021-04-13,1402236.0580530432,249879.0,4266.614391738886,1.048625206928227
2021-04-14,1413822.3578845982,253464.0,4345.249329518532,1.046556659370161
2021-04-15,1424898.408851499,257033.0,4424.5594578689315,1.0444451850702872
2021-04-16,1435438.328758396,260582.0,4504.493837219189,1.0422915079111512
2021-04-17,1445416.6527707416,264106.0,4584.997993489613,1.0400964240777033
2021-04-18,1454808.4368228666,267600.0,4666.0138569700375,1.037860803062234
2021-04-19,1463589.363074975,271060.0,4747.479710570747,1.0355855884703682
2021-04-20,1471735.8468288437,274481.0,4829.330148421382,1.0332717986139324
2021-04-21,1479225.144264916,277856.0,4911.496045823234,1.0309205268770028
2021-04-22,1486035.4603200601,281182.0,4993.904541572737,1.0285329418420648
2021-04-23,1492146.0559821327,284453.0,5076.479033676637,1.0261102871610057
2021-04-24,1497537.3542670321,287663.0,5159.139189465196,1.0236538811723987
2021-04-25,1502191.0440682045,290807.0,5241.800971093961,1.0211651162341393
2021-04-26,1506090.181100912,293879.0,5324.3766774053,1.018645457777671
2021-04-27,1509219.2851218248,296873.0,5406.775003088907,1.0160964430716548
2021-04-28,1511564.4326091143,299784.0,5488.901116036146,1.0135196796897248
2021-04-29,1513113.344093521,302606.0,5570.6567537234405,1.0109168436788216
2021-04-30,1513855.4653376658,305333.0,5651.940339388883,1.008289677423018
2021-05-01,1513782.0415940036,307959.0,5732.647118684471,1.0056399872037012
2021-05-02,1512886.1842040154,310480.0,5812.669317392211,1.002969640458312
2021-05-03,1511162.9288425012,312888.0,5891.896320684611,1.000280562740778
2021-05-04,1508609.2847670214,315179.0,5970.21487428798,0.9975747343902343
2021-05-05,1505224.2744919455,317347.0,6047.509307771614,0.9948541869154233
2021-05-06,1501008.9633811011,319387.0,6123.661780038257,0.9921209991054545
2021-05-07,1495966.4787345026,321293.0,6198.55254693211,0.9893772928807538
2021-05-08,1490102.0180271147,323060.0,6272.060250710067,0.9866252288972016
2021-05-09,1483422.846057842,324684.0,6344.062230940848,0.9838670019227849
2021-05-10,1475938.2808619551,326159.0,6414.4348562065925,0.981104836005858
2021-05-11,1467659.6683439328,327482.0,6483.053875783474,0.9783409794564145
2021-05-12,1458600.34569373,328648.0,6549.79479027458,0.9755776996638766
2021-05-13,1448775.5937555179,329654.0,6614.533239961089,0.9728172777763614
2021-05-14,1438202.5786255405,330495.0,6677.145409428775,0.9700620032685487
2021-05-15,1426900.282859533,331168.0,6737.508446818505,0.9673141684264527
2021-05-16,1414889.4267704492,331670.0,6795.500895844492,0.9645760627783208
2021-05-17,1402192.380393314,332000.0,6851.003138524821,0.9618499675018797
2021-05-18,1388833.0667830617,332153.0,6903.897846378243,0.9591381498386582
2021-05-19,1374836.857393142,332130.0,6954.070437662387,0.9564428575466135
2021-05-20,1360230.4603551533,331927.0,7001.409538063772,0.9537663134223674
2021-05-21,1345041.8025420494,331545.0,7045.807442103256,0.9511107099240809
2021-05-22,1329299.9063489255,330982.0,7087.160572393362,0.9484782039254434
2021-05-23,1313034.7621652053,330239.0,7125.369933779542,0.9458709116303896
2021-05-24,1296277.1975398792,329315.0,7160.341559318607,0.9432909036770016
2021-05-25,1279058.7440567843,328211.0,7191.986944995189,0.9407402004575525
2021-05-26,1261411.5029396808,326929.0,7220.22347005596,0.9382207676797477
2021-05-27,1243368.010397353,325470.0,7244.974799849859,0.9357345121919758
2021-05-28,1224961.1036975284,323836.0,7266.171268103856,0.9332832780928133
2021-05-29,1206223.7889259276,322029.0,7283.75023563807,0.9308688431423431
2021-05-30,1187189.1113441223,320052.0,7297.656422631545,0.92849291549021
2021-05-31,1167890.0292081686,317910.0,7307.84221169114,0.92615713073296
2021-06-01,1148359.291850238,315605.0,7314.2679191493935,0.9238630493111224
2021-06-02,1128629.3227584837,313141.0,7316.902032221997,0.9216121542544486
2021-06-03,1108732.1083170404,310523.0,7315.721409889939,0.9194058492813704
2021-06-04,1088699.0927895308,307756.0,7310.711445633109,0.9172454572559067
2021-06-05,1067765.2976186567,304844.0,7301.866190428676,0.9144506922567646
2021-06-06,1046520.9023180418,301794.0,7289.188434735679,0.911475827714096
2021-06-07,1025238.9074283083,298611.0,7272.689748513186,0.9085576493700098
2021-06-08,1003901.9539672466,295302.0,7252.390478659874,0.905697726960789
2021-06-09,982455.759344731,291871.0,7228.319703612802,0.9028968109563281
2021-06-10,960833.7268732043,288327.0,7200.515145199139,0.9001557044731808
2021-06-11,939107.2418556996,284674.0,7169.023038191384,0.897475376545246
2021-06-12,917377.1209216597,280921.0,7133.897958370251,0.894857001841239
2021-06-13,895692.1206019132,277075.0,7095.202610244826,0.8923015385716738
2021-06-14,874081.9090995938,273141.0,7053.007575912876,0.8898096339118567
2021-06-15,852550.6665572062,269128.0,7007.391026860686,0.8873817801540435
2021-06-16,831120.4184924013,265042.0,6958.438400797857,0.8850183714392023
2021-06-17,809830.2744244089,260890.0,6906.242045894664,0.8827197814429456
2021-06-18,788717.0034886354,256664.0,6850.900835034301,0.8804863072694481
2021-06-19,767809.1356477926,252366.0,6792.5197529075285,0.8783181149169395
2021-06-20,747125.9786898526,248004.0,6731.2094589601165,0.8762152448912525
2021-06-21,726685.2555349295,243582.0,6667.068431541719,0.8741776365677192
2021-06-22,706507.4639506632,239107.0,6600.180669770736,0.8722051561146366
2021-06-23,686613.3804641119,234580.0,6530.619043370462,0.8702976008113414
2021-06-24,667021.660586042,230004.0,6458.446858735902,0.8684546897435915
2021-06-25,647747.4833163038,225385.0,6383.734731958328,0.8666760623553412
2021-06-26,628803.5097118594,220726.0,6306.577280352967,0.86496128468549
2021-06-27,610201.3468802309,216033.0,6227.072178308028,0.8633098600718828
2021-06-28,591951.8137454829,211310.0,6145.312865696796,0.8617212370011711
2021-06-29,574064.5335207456,206577.0,6061.391368202196,0.8601948124403439
2021-06-30,556547.4739490388,201843.0,5975.403526620774,0.8587299344053988
2021-07-01,539406.9348387453,197113.0,5887.469399826682,0.8573259059057021
2021-07-02,522647.8887372516,192391.0,5797.7145691223495,0.855981990440831
2021-07-03,506274.2371670152,187684.0,5706.261287087327,0.854697417620947
2021-07-04,490288.8711186359,183001.0,5613.229161818561,0.8534713877665672
2021-07-05,474693.62277553923,178349.0,5518.7378329933135,0.8523030757373233
2021-07-06,459489.2574334445,173734.0,5422.94615245779,0.8511916346047517
2021-07-07,444675.56128992623,169161.0,5326.018375650412,0.850136199513777
2021-07-08,430251.4603816248,164634.0,5228.109629002486,0.8491358916023525
2021-07-09,416215.1108173469,160159.0,5129.368399114681,0.8481898216694768
2021-07-10,402563.95009229967,155741.0,5029.940904888568,0.8472970934887588
2021-07-11,389294.73601413774,151383.0,4929.976338817505,0.846456806856822
2021-07-12,376403.5990390226,147090.0,4829.623960285928,0.8456680604975327
2021-07-13,363886.1074639876,142865.0,4729.028574602888,0.8449299548554243
2021-07-14,351737.3320058262,138711.0,4628.329125316022,0.8442415947273665
2021-07-15,339951.9007225179,134630.0,4527.658571784971,0.8436020916841925
2021-07-16,328524.0454109988,130625.0,4427.145912086079,0.8430105662795279
2021-07-17,317447.6456534784,126699.0,4326.916388130976,0.8424661500737346
2021-07-18,306716.2736642394,122852.0,4227.090398855261,0.8419679874972618
2021-07-19,296323.23866040556,119087.0,4127.782619406229,0.8415152375572321
2021-07-20,286261.6281843211,115404.0,4029.101684269641,0.8411070753809877
2021-07-21,276524.345336334,111805.0,3931.1512469820177,0.8407426935953226
2021-07-22,267104.14275045815,108291.0,3834.0304058236825,0.8404213035494554
2021-07-23,257993.65447147825,104861.0,3737.8335642924244,0.8401421363936493
2021-07-24,249185.4260962213,101516.0,3642.6502451031092,0.839904444022671
2021-07-25,240671.94284857318,98255.0,3548.564257885882,0.8397074998894658
2021-07-26,232445.65522985105,95080.0,3455.652923050946,0.8395505996934709
2021-07-27,224499.0022736389,91989.0,3363.987984304778,0.8394330619494627
2021-07-28,216824.4327056768,88983.0,3273.6360216931844,0.8393542284443812
2021-07-29,209414.42427615492,86059.0,3184.658415955257,0.8393134645893688
2021-07-30,202261.5013629206,83219.0,3097.1111808150063,0.8393101596736354
2021-07-31,195358.25084870053,80459.0,3011.0440857748567,0.8393437270256862
2021-08-01,188697.3363077766,77781.0,2926.5014611994593,0.8394136040873073
2021-08-02,182271.5106114773,75182.0,2843.522704418924,0.8395192524058113
2021-08-03,176073.6270914907,72661.0,2762.1424107046987,0.8396601575499907
2021-08-04,170096.64937722898,70217.0,2682.390420192929,0.8398358289549266
2021-08-05,164333.65998942914,67849.0,2604.290199499983,0.8400457997003206
2021-08-06,158777.86778786613,65555.0,2527.8602845345126,0.8402896263747426
2021-08-07,153422.61426440463,63334.0,2453.1150880008745,0.8405668885906888
2021-08-08,148261.3788624393,61183.0,2380.065033625649,0.8408771886034692
2021-08-09,143287.7833732717,59103.0,2308.7165872202677,0.8412201508804616
2021-08-10,138495.5954900802,57090.0,2239.0722341609994,0.8415954216405982
2021-08-11,133878.73158340473,55144.0,2171.1307780405614,0.8420026683535485
2021-08-12,129431.25874860493,53263.0,2104.8877262933825,0.8424415791412417
2021-08-13,125147.39620560835,51445.0,2040.3355632995324,0.8429118621490445
2021-08-14,121021.51611398983,49689.0,1977.463971992711,0.8434132449016959
2021-08-15,117048.14385550613,47992.0,1916.2599884010747,0.8439454736275618
2021-08-16,113221.95783725582,46354.0,1856.70819233629,0.8445083125592425
2021-08-17,109537.7888577816,44772.0,1798.79093767113,0.8451015431854664
2021-08-18,105990.61908543945,43245.0,1742.4885766609227,0.8457249634680876
2021-08-19,102575.58069404194,41772.0,1687.7796618048758,0.846378387035018
2021-08-20,99287.95419516542,40350.0,1634.6411209499256,0.8470616423503555
2021-08-21,96123.16650327781,38979.0,1583.0484232821957,0.847774571861994
2021-08-22,93076.78876564393,37656.0,1532.9757474043245,0.8485170311205334
2021-08-23,90144.53398824314,36381.0,1484.3961462258114,0.8492888878696547
2021-08-24,87322.25448738778,35151.0,1437.281702699108,0.85009002111233
2021-08-25,84605.93919367001,33966.0,1391.6036726679474,0.8509203201549765
2021-08-26,81991.71083229563,32824.0,1347.3326168190606,0.851779683630552
2021-08-27,79475.82300124249,31723.0,1304.4385253426344,0.8526680184991594
2021-08-28,77054.65716705016,30662.0,1262.8909361889757,0.8535852390255354
2021-08-29,74724.71959665448,29639.0,1222.6590460763896,0.8545312657345003
2021-08-30,72482.63824197474,28655.0,1183.7118131570357,0.8555060243457162
2021-08-31,70325.15959223233,27706.0,1146.0180513108883,0.8565094446887767
2021-09-01,68249.14550730465,26792.0,1109.5465169674446,0.8575414595988904
2021-09-02,66251.57004404198,25912.0,1074.2659892264342,0.8586020037933088
2021-09-03,64329.51628633369,25065.0,1040.1453435840103,0.8596910127291681
2021-09-04,62480.17318859915,24249.0,1007.1536192835341,0.8608084214438205
2021-09-05,60700.83244127748,23463.0,975.2600803908007,0.8619541633788445
2021-09-06,58988.88536583206,22707.0,944.4342709323166,0.863128169188835
2021-09-07,57341.81984583507,21978.0,914.6460645326074,0.8643303655360298
2021-09-08,55757.21729987855,21277.0,885.8657089235517,0.8655606738720348
2021-09-09,54232.74970131647,20602.0,858.0638656008904,0.866819009208195
2021-09-10,52766.17664914473,19952.0,831.2116448655397,0.8681052788763884
2021-09-11,51355.34249367123,19327.0,805.2806365162144,0.8694193812821854
2021-09-12,49998.173520027376,18725.0,780.2429364922327,0.8707612046524612
2021-09-13,48692.67519204008,18146.0,756.0711697636243,0.8721306257797583
2021-09-14,47436.929458509716,17589.0,732.7385097389893,0.8735275087659626
2021-09-15,46229.09212350872,17052.0,710.2186944358048,0.8749517037681213
2021-09-16,45067.39028192293,16536.0,688.4860396469276,0.8764030457494929
2021-09-17,43950.11982109842,16039.0,667.5154493350685,0.8778813532391445
2021-09-18,42875.642989137974,15561.0,647.2824234820446,0.8793864271036614
2021-09-19,41842.38603010803,15101.0,627.7630636078427,0.8809180493347902
2021-09-20,40848.83688616663,14658.0,608.934076159662,0.8824759818571001
2021-09-21,39893.54296639921,14232.0,590.7727739580303,0.8840599653600071
2021-09-22,38975.10898194936,13822.0,573.2570758772072,0.8856697181587434
2021-09-23,38092.1948468566,13428.0,556.3655049282496,0.8873049350890859
2021-09-24,37243.51364385977,13049.0,540.0771849035102,0.8889652864408734
2021-09-25,36427.82965429227,12684.0,524.371835730842,0.890650416935556
2021-09-26,35643.9564510812,12332.0,509.22976767535494,0.8923599447532027
2021-09-27,34890.75505376436,11995.0,494.63187451696876,0.8940934606145624
2021-09-28,34167.13214435539,11669.0,480.5596258233676,0.8958505269239048
2021-09-29,33472.03834281768,11357.0,466.99505842965624,0.8976306769784813
2021-09-30,32804.46654085123,11056.0,453.92076722785487,0.8994334142505157
2021-10-01,32163.45029264979,10767.0,441.3198953614366,0.9012582117476694
2021-10-02,31548.062261251012,10488.0,429.1761239124732,0.9031045114579348
2021-10-03,30957.412719074888,10221.0,417.47366116199174,0.9049717238848511
2021-10-04,30390.648101227365,9963.0,406.19723149757283,0.9068592276788473
2021-10-05,29846.94961013513,9716.0,395.33206403601116,0.9087663693703756
2021-10-06,29325.53187007224,9478.0,384.8638810230269,0.9106924632102941
2021-10-07,28825.64163014144,9249.0,374.77888606629193,0.9126367911227097
2021-10-08,28346.556514278498,9028.0,365.063752252933,0.9145986027751812
2021-10-09,27887.583816859424,8817.0,355.70561019785833,0.9165771157708087
2021-10-10,27448.059342505167,8613.0,346.69203606475605,0.918571515966315
2021-10-11,27027.34628869678,8418.0,338.0110395974262,0.9205809579197242
2021-10-12,26624.834169835776,8229.0,329.6510521951496,0.9226045654707009
2021-10-13,26239.93778140837,8049.0,321.6009150621807,0.9246414324560049
2021-10-14,25872.09620293878,7875.0,313.8498674581092,0.9266906235618471
2021-10-15,25520.771838445045,7708.0,306.38753507274373,0.928751175314216
2021-10-16,25185.44949314039,7548.0,299.20391854631794,0.9308220972074746
2021-10-17,24865.63548515466,7394.0,292.2893821531719,0.9329023729707088
2021-10-18,24560.856791081773,7246.0,285.63464266463814,0.9349909619704524
2021-10-19,24270.660224192583,7104.0,279.2307584046471,0.9370868007475222
2021-10-20,23994.611644185097,6967.0,273.0691185095377,0.9391888046847722
2021-10-21,23732.295197377996,6836.0,267.141432401709,0.9412958698016358
2021-10-22,23483.3125862872,6711.0,261.4397194850527,0.943406874670394
2021-10-23,23247.282367558048,6590.0,255.95629906856902,0.9455206824481086
2021-10-24,23023.83927725948,6475.0,250.6837805231713,0.9476361430172542
2021-10-25,22812.63358257956,6364.0,245.61505367542583,0.9497520952271271
2021-10-26,22613.330458993933,6258.0,240.7432794408369,0.9518673692272257
2021-10-27,22425.609392010945,6156.0,236.06188069826123,0.9539807888829288
2021-10-28,22249.163602627585,6059.0,231.5645334061197,0.9560911742629784
2021-10-29,22083.699495661298,5966.0,227.24515796025136,0.9581973441875298
2021-10-30,21928.936130151826,5876.0,223.09791079252795,0.9602981188248512
2021-10-31,21784.604711055657,5791.0,219.11717620869914,0.962392322324154
2021-11-01,21650.448101483482,5710.0,215.29755846337167,0.964478785471533
2021-11-02,21526.220354756726,5632.0,211.6338740695254,0.9665563483555758
2021-11-03,21411.686265585362,5557.0,208.12114433953457,0.9686238630289076
2021-11-04,21306.620939692693,5487.0,204.75458815428894,0.9706801961517414
2021-11-05,21210.80938123661,5419.0,201.5296149566882,0.9727242316034371
2021-11-06,21124.046097398288,5355.0,198.44181796551166,0.9747548730481167
2021-11-07,21046.13471953074,5293.0,195.48696760543942,0.9767710464405663
2021-11-08,20976.887640279147,5235.0,192.6610051488165,0.978771702458942
2021-11-09,20916.12566610394,5180.0,189.96003656460243,0.9807558188512273
2021-11-10,20863.677684655446,5128.0,187.38032656983341,0.9827224026829218
2021-11-11,20819.380346465634,5078.0,184.918292878843,0.9846704924741018
2021-11-12,20783.077760438802,5031.0,182.57050064542597,0.9865991602147578
2021-11-13,20754.62120263787,4987.0,180.33365709309987,0.9885075132481803
2021-11-14,20733.868837877435,4946.0,178.20460632860687,0.9903946960131188
2021-11-15,20720.68545364834,4906.0,176.1803243338057,0.9922598916364849
2021-11-16,20714.942205911437,4870.0,174.2579141311289,0.9941023233694752
2021-11-17,20716.51637631044,4835.0,172.4346011178207,0.9959212558611532
2021-11-18,20725.291140365898,4803.0,170.7077285642213,0.9977159962647443
2021-11-19,20741.155346223262,4774.0,169.07475327142978,0.9994858951731309
2021-11-20,20764.003303539255,4746.0,167.5332413837477,1.0012303473812922
2021-11-21,20793.73458210119,4721.0,166.0808643513886,1.0029487924746798
2021-11-22,20830.253819784346,4697.0,164.71539503902372,1.0046407152437722
2021-11-23,20873.470539462312,4676.0,163.4347039758276,1.0063056459262474
2021-11-24,20923.29897449559,4657.0,162.23675574278397,1.007943160279403
2021-11-25,20979.657902432886,4639.0,161.11960549310902,1.0095528794865531
2021-11-26,21042.470486569837,4624.0,160.08139560175368,1.0111344699022002
2021-11-27,21111.664125018855,4610.0,159.12035244004483,1.0126876426417468
2021-11-28,21187.170306953958,4598.0,158.23478327163073,1.0142121530224224
2021-11-29,21268.924475703447,4589.0,157.4230732659958,1.015707799862896
2021-11-30,21356.865898373468,4580.0,156.6836826259119,1.0171744246497747
2021-12-01,21450.937541694522,4574.0,156.01514382529186,1.0186119105797822
2021-12-02,21551.085953793154,4569.0,155.4160589540084,1.0200201814869503
2021-12-03,21657.238490762393,4566.0,154.8850971663373,1.021398131440972
2021-12-04,21769.341630937222,4565.0,154.42099222977424,1.0227454499116502
2021-12-05,21887.35081219225,4565.0,154.02254017106603,1.0240621913205403
2021-12-06,22011.22174893632,4567.0,153.68859701638146,1.0253483839802313
2021-12-07,22140.908048070763,4570.0,153.41807662263145,1.0266039808867788
2021-12-08,22276.360167725128,4575.0,153.20994859702716,1.0278288437343388
2021-12-09,22417.533416064452,4582.0,153.06323630204156,1.0290229274573137
2021-12-10,22564.389199244026,4590.0,152.97701494301356,1.0301863188780003
2021-12-11,22716.891408360112,4599.0,152.9504097357032,1.0313191666802195
2021-12-12,22875.004996317883,4610.0,152.98259415117533,1.0324216557151187
2021-12-13,23038.69463316243,4622.0,153.07278823545082,1.0334939730054884
2021-12-14,23207.92665037853,4636.0,153.2202570014289,1.0345363314588734
2021-12-15,23382.670452335653,4651.0,153.42430889064076,1.0355489924367165
2021-12-16,23562.8980952294,4668.0,153.6842943024528,1.0365322624828175
2021-12-17,23748.583456802262,4685.0,153.99960418839183,1.0374864822833303
2021-12-18,23939.701522612548,4705.0,154.36966870931687,1.0384120144058977
2021-12-19,24136.228589303162,4725.0,154.7939552419453,1.0393092412023126
2021-12-20,24338.142824888357,4747.0,155.27196636195546,1.0401785684832972
2021-12-21,24545.424395809772,4771.0,155.8032379948964,1.0410204258909397
2021-12-22,24758.055265031835,4795.0,156.38733761890313,1.0418352641145372
2021-12-23,24976.01888279242,4821.0,157.02386306924797,1.042623550342088
2021-12-24,25199.300087841297,4848.0,157.71244186226042,1.0433857649991942
2021-12-25,25427.885215873157,4877.0,158.4527296086708,1.0441224004309364
2021-12-26,25661.76218744062,4907.0,159.24440821209026,1.0448339599411554
2021-12-27,25900.92048376942,4938.0,160.08718432927233,1.0455209563023087
2021-12-28,26145.351041100395,4970.0,160.980788265309,1.046183909669125
2021-12-29,26395.04616349981,5003.0,161.9249738138177,1.0468233454843987
2021-12-30,26649.999504330328,5038.0,162.9195172409819,1.0474397928387342
2021-12-31,26910.206076169434,5074.0,163.96421589024985,1.0480337831707465
2022-01-01,27175.66224227466,5111.0,165.05888693235022,1.048605849049246
2022-01-02,27446.36567628987,5150.0,166.2033664400243,1.0491565228941369
2022-01-03,27722.31531145764,5189.0,167.39751026734345,1.0496863356882913
2022-01-04,28003.511303669562,5230.0,168.64119351350365,1.0501958158052573
2022-01-05,28289.955009431334,5272.0,169.93430938275657,1.0506854879926233
2022-01-06,28581.648965942335,5315.0,171.27676825888187,1.051155872472614
2022-01-07,28878.596863460378,5360.0,172.66849721084057,1.0516074841084053
2022-01-08,29180.803510953097,5405.0,174.10944000738942,1.052040831619531
2022-01-09,29488.274802192638,5452.0,175.5995569203415,1.0524564168635426
2022-01-10,29801.01768616692,5500.0,177.13882418643408,1.0528547342003327
2022-01-11,30119.040140185833,5549.0,178.72723343427649,1.0532362699379865
2022-01-12,30442.35114220634,5599.0,180.36479121815137,1.0536015018472646
2022-01-13,30770.960640941346,5651.0,182.05151879869823,1.0539508987334143
2022-01-14,31104.879524976324,5704.0,183.78745196390466,1.0542849200620885
2022-01-15,31444.119592555944,5757.0,185.57264074815006,1.0546040156403196
2022-01-16,31788.69352241928,5812.0,187.40714908607,1.0549086253518456
2022-01-17,32138.61484493199,5868.0,189.2910544807932,1.0551991789427702
2022-01-18,32493.897912758686,5926.0,191.2244477860381,1.055476095852209
2022-01-19,32854.5578710281,5984.0,193.20743304985024,1.0557397850836983
2022-01-20,33220.610627413145,6043.0,195.24012735068186,1.0559906451146674
2022-01-21,33592.0728224341,6104.0,197.3226606140352,1.0562290638417688
2022-01-22,33968.96179993456,6166.0,199.45517540096478,1.0564554185594461
2022-01-23,34351.295577501725,6229.0,201.63782669583819,1.0566700759686622
2022-01-24,34739.0928167039,6293.0,203.87078176049891,1.056873392212767
2022-01-25,35132.37279319248,6359.0,206.1542200140547,1.057065712937879
2022-01-26,35531.15536677162,6425.0,208.4883329052593,1.0572473733755117
2022-01-27,35935.46095147097,6493.0,210.8733237667346,1.0574186984453096
2022-01-28,36345.310485575916,6562.0,213.30940763152785,1.0575800028757663
2022-01-29,36760.72540155702,6632.0,215.79681109302936,1.0577315913408447
2022-01-30,37181.72759587957,6703.0,218.33577219079586,1.057873758610561
2022-01-31,37608.3393987088,6775.0,220.9265402962459,1.0580067897137801
2022-02-01,38040.583543524874,6848.0,223.56937598686474,1.0581309601116151
2022-02-02,38478.48313664006,6923.0,226.26455084031193,1.0582465358799351
2022-02-03,38922.0616265976,6999.0,229.01234728436728,1.0583537738996003
2022-02-04,39371.34277343095,7076.0,231.81305847608294,1.0584529220530414
2022-02-05,39826.3506177773,7154.0,234.66698817599146,1.0585442194260257
2022-02-06,40287.10944984253,7233.0,237.57445060494553,1.0586278965135119
2022-02-07,40753.643778211495,7314.0,240.535770277494,1.058704175428606
2022-02-08,41225.97829849239,7396.0,243.55128184093937,1.0587732701137023
2022-02-09,41704.13786178096,7479.0,246.6213299276194,1.0588353865529558
2022-02-10,42188.147442933405,7563.0,249.74626900879056,1.0588907229853362
2022-02-11,42678.03210863989,7648.0,252.9264632436891,1.0589394701175887
2022-02-12,43173.816985289624,7735.0,256.1622863179291,1.0589818113364906
2022-02-13,43675.52722661815,7822.0,259.4541212777781,1.05901792291986
2022-02-14,44183.187981125506,7911.0,262.80236036610927,1.0590479742458185
2022-02-15,44696.82435925473,8002.0,266.2074048592405,1.0590721279998796
2022-02-16,45216.46140032084,8093.0,269.66966490172007,1.0590905403794755
2022-02-17,45742.12403918113,8186.0,273.18955933619054,1.059103361295597
2022-02-18,46273.837072637565,8280.0,276.7675155288031,1.059110734571253
2022-02-19,46811.62512556171,8375.0,280.40396919227317,1.059112798136503
2022-02-20,47355.5126167326,8471.0,284.09936420729366,1.0591096842198429
2022-02-21,47905.52372437885,8569.0,287.85415244172225,1.0591015195357738
2022-02-22,48461.682351416246,8667.0,291.6687935664123,1.059088425468401
2022-02-23,49024.01209037276,8768.0,295.543754867252,1.0590705182509474
2022-02-24,49592.53618799301,8869.0,299.4795110537854,1.05904790914109
2022-02-25,50167.27750951447,8972.0,303.47654406479865,1.0590207045920466
2022-02-26,50748.25850260796,9076.0,307.53534287085296,1.058989006419365
2022-02-27,51335.501160975924,9181.0,311.65640327341356,1.0589529119633883
2022-02-28,51929.02698760182,9287.0,315.84022770024353,1.0589125142473799
2022-03-01,52528.856957645155,9395.0,320.08732499698624,1.0588679021313177
2022-03-02,53135.01148097616,9504.0,324.39821021497596,1.0588191604613677
2022-03-03,53747.510364345835,9615.0,328.77340439526705,1.0587663702150727
2022-03-04,54366.37277318651,9726.0,333.21343434874535,1.0587096086422918
2022-03-05,54991.61719303938,9839.0,337.7188324321337,1.0586489494019429
2022-03-06,55623.26139060588,9954.0,342.29013631974703,1.058584462694604
2022-03-07,56261.322374420255,10069.0,346.9278887709044,1.0585162153910412
2022-03-08,56905.81635514145,10186.0,351.6326373929199,1.0584442711567335
2022-03-09,57556.75870546315,10305.0,356.404934399564,1.058368690572468
2022-03-10,58214.16391964143,10424.0,361.24533636485734,1.0582895312510938
2022-03-11,58878.04557264013,10545.0,366.154403972056,1.0582068479505105
2022-03-12,59548.416278895,10668.0,371.1327017577026,1.0581206926829863
2022-03-13,60225.28765069841,10792.0,376.18079785062434,1.058031114820893
2022-03-14,60908.67025620706,10917.0,381.299263705759,1.057938161198948
2022-03-15,61598.57357707601,11043.0,386.4886738326785,1.0578418762130612
2022-03-16,62295.005965723365,11171.0,391.7496055186749,1.0577423019158758
2022-03-17,62997.974602230715,11300.0,397.08263854627603,1.0576394781091025
2022-03-18,63707.48545088512,11431.0,402.4883549050585,1.0575334424327363
2022-03-19,64423.54321636981,11563.0,407.9673384976313,1.057424230451257
2022-03-20,65146.15129961122,11696.0,413.5201748396591,1.0573118757369007
2022-03-21,65875.31175329156,11831.0,419.1474507537913,1.0571964099501003
2022-03-22,66611.02523703614,11967.0,424.8497540573688,1.0570778629171846
2022-03-23,67353.29097228713,12105.0,430.6276732437733,1.0569562627054274
2022-03-24,68102.10669687476,12244.0,436.4817971572964,1.0568316356955365
2022-03-25,68857.4686192998,12384.0,442.41271466139597,1.0567040066516722
2022-03-26,69619.37137274054,12526.0,448.4210143002181,1.056573398789076
2022-03-27,70387.8079688002,12669.0,454.50728395325865,1.056439833839404
2022-03-28,71162.76975101056,12814.0,460.672110483042,1.0563033321138375
2022-03-29,71944.24634810933,12960.0,466.91607937569916,1.0561639125640572
2022-03-30,72732.22562711025,13107.0,473.2397743743267,1.0560215928411627
2022-03-31,73526.69364618539,13256.0,479.64377710501583,1.0558763893526069
2022-04-01,74327.63460738066,13407.0,486.12866669543905,1.0557283173172258
2022-04-02,75135.03080918721,13558.0,492.69501938588934,1.055577390818436
2022-04-03,75948.86259899188,13712.0,499.34340813266965,1.05542362285567
2022-04-04,76769.10832543168,13866.0,506.07440220373405,1.0552670253941152
2022-04-05,77595.74429067844,14022.0,512.8885667664869,1.0551076094128318
2022-04-06,78428.74470268078,14180.0,519.7864624676541,1.0549453849513037
2022-04-07,79268.08162739254,14339.0,526.7686450051401,1.054780361154494
2022-04-08,80113.72494101735,14499.0,533.8356646917961,1.0546125463164593
2022-04-09,80965.64228230086,14661.0,540.9880660110265,1.0544419479225864
2022-04-10,81823.79900490357,14824.0,548.2263871641704,1.054268572690506
2022-04-11,82688.1581298882,14989.0,555.5511596095979,1.0540924266097365
2022-04-12,83558.68029835678,15155.0,562.9629075934715,1.0539135149801144
2022-04-13,84435.32372427535,15323.0,570.4621476721301,1.0537318424490612
2022-04-14,85318.04414752337,15492.0,578.049388226055,1.0535474130477323
2022-04-15,86206.7947872081,15662.0,585.7251289653982,1.0533602302261027
2022-04-16,87101.52629528522,15834.0,593.4898604270446,1.0531702968870282
2022-04-17,88002.18671052752,16008.0,601.3440634632068,1.052977615419331
